1; 1; matematica
2; 1; matematica
3; 1; matematica
4; 1; matematica
5; 1; matematica
6; 1; matematica
7; 1; matematica
8; 1; matematica
9; 1; matematica
10; 1; matematica
11; 1; matematica
12; 1; matematica
13; 1; matematica
14; 1; matematica
15; 1; matematica
16; 1; matematica
17; 1; matematica
18; 1; matematica
19; 1; matematica
20; 1; matematica
21; 1; matematica
22; 1; matematica
23; 1; matematica
24; 1; matematica
25; 1; matematica
26; 1; matematica
27; 1; matematica
28; 1; matematica
29; 1; matematica
30; 1; matematica
31; 1; matematica
32; 1; matematica
33; 1; matematica
34; 1; matematica
35; 1; matematica
36; 1; matematica
37; 1; matematica
38; 1; matematica
39; 1; matematica
40; 1; matematica
41; 1; matematica
42; 1; matematica
43; 1; matematica
44; 1; matematica
45; 1; matematica
46; 1; matematica
47; 1; matematica
48; 1; matematica
49; 1; matematica
50; 1; matematica
51; 1; matematica
52; 1; matematica
53; 1; matematica
54; 1; matematica
55; 1; matematica
56; 1; matematica
57; 1; matematica
58; 1; matematica
59; 1; matematica
60; 1; matematica
61; 1; matematica
62; 1; matematica
63; 1; matematica
64; 1; matematica
65; 1; matematica
66; 1; matematica
67; 1; matematica
68; 1; matematica
69; 1; matematica
70; 1; matematica
71; 1; matematica
72; 1; matematica
73; 1; matematica
74; 1; matematica
75; 1; matematica
76; 1; matematica
77; 1; matematica
78; 1; matematica
79; 1; matematica
80; 1; matematica
81; 1; matematica
82; 1; matematica
83; 1; matematica
84; 1; matematica
85; 1; matematica
86; 1; matematica
87; 1; matematica
88; 1; matematica
89; 1; matematica
90; 1; matematica
91; 1; matematica
92; 1; matematica
93; 1; matematica
94; 1; matematica
95; 1; matematica
96; 1; matematica
97; 1; matematica
98; 1; matematica
99; 1; matematica
100; 1; matematica
101; 1; matematica
102; 1; matematica
103; 1; matematica
104; 1; matematica
105; 1; matematica
106; 1; matematica
107; 1; matematica
108; 1; matematica
109; 1; matematica
110; 1; matematica
111; 1; matematica
112; 1; matematica
113; 1; matematica
114; 1; matematica
115; 1; matematica
116; 1; matematica
117; 1; matematica
118; 1; matematica
119; 1; matematica
120; 1; matematica
121; 1; matematica
122; 1; matematica
123; 1; matematica
124; 1; matematica
125; 1; matematica
126; 1; matematica
127; 1; matematica
128; 1; matematica
129; 1; matematica
130; 1; matematica
131; 1; matematica
132; 1; matematica
133; 1; matematica
134; 1; matematica
135; 1; matematica
136; 1; matematica
137; 1; matematica
138; 1; matematica
139; 1; matematica
140; 1; matematica
141; 1; matematica
142; 1; matematica
143; 1; matematica
144; 1; matematica
145; 1; matematica
146; 1; matematica
147; 1; matematica
148; 1; matematica
149; 1; matematica
150; 1; matematica
151; 1; matematica
152; 1; matematica
153; 1; matematica
154; 1; matematica
155; 1; matematica
156; 1; matematica
157; 1; matematica
158; 1; matematica
159; 1; matematica
160; 1; matematica
161; 1; matematica
162; 1; matematica
163; 1; matematica
164; 1; matematica
165; 1; matematica
166; 1; matematica
167; 1; matematica
168; 1; matematica
169; 1; matematica
170; 1; matematica
171; 1; matematica
172; 1; matematica
173; 1; matematica
174; 1; matematica
175; 1; matematica
176; 1; matematica
177; 1; matematica
178; 1; matematica
179; 1; matematica
180; 1; matematica
181; 1; matematica
182; 1; matematica
183; 1; matematica
184; 1; matematica
185; 1; matematica
186; 1; matematica
187; 1; matematica
188; 1; matematica
189; 1; matematica
190; 1; matematica
191; 1; matematica
192; 1; matematica
193; 1; matematica
194; 1; matematica
195; 1; matematica
196; 1; matematica
197; 1; matematica
198; 1; matematica
199; 1; matematica
200; 1; matematica
201; 1; matematica
202; 1; matematica
203; 1; matematica
204; 1; matematica
205; 1; matematica
206; 1; matematica
207; 1; matematica
208; 1; matematica
209; 1; matematica
210; 1; matematica
211; 1; matematica
212; 1; matematica
213; 1; matematica
214; 1; matematica
215; 1; matematica
216; 1; matematica
217; 1; matematica
218; 1; matematica
219; 1; matematica
220; 1; matematica
221; 1; matematica
222; 1; matematica
223; 1; matematica
224; 1; matematica
225; 1; matematica
226; 1; matematica
227; 1; matematica
228; 1; matematica
229; 1; matematica
230; 1; matematica
231; 1; matematica
232; 1; matematica
233; 1; matematica
234; 1; matematica
235; 1; matematica
236; 1; matematica
237; 1; matematica
238; 1; matematica
239; 1; matematica
240; 1; matematica
241; 1; matematica
242; 1; matematica
243; 1; matematica
244; 1; matematica
245; 1; matematica
246; 1; matematica
247; 1; matematica
248; 1; matematica
249; 1; matematica
250; 1; matematica
251; 1; matematica
252; 1; matematica
253; 1; matematica
254; 1; matematica
255; 1; matematica
256; 1; matematica
257; 1; matematica
258; 1; matematica
259; 1; matematica
260; 1; matematica
261; 1; matematica
262; 1; matematica
263; 1; matematica
264; 1; matematica
265; 1; matematica
266; 1; matematica
267; 1; matematica
268; 1; matematica
269; 1; matematica
270; 1; matematica
271; 1; matematica
272; 1; matematica
273; 1; matematica
274; 1; matematica
275; 1; matematica
276; 1; matematica
277; 1; matematica
278; 1; matematica
279; 1; matematica
280; 1; matematica
281; 1; matematica
282; 1; matematica
283; 1; matematica
284; 1; matematica
285; 1; matematica
286; 1; matematica
287; 1; matematica
288; 1; matematica
289; 1; matematica
290; 1; matematica
291; 1; matematica
292; 1; matematica
293; 1; matematica
294; 1; matematica
295; 1; matematica
296; 1; matematica
297; 1; matematica
298; 1; matematica
299; 1; matematica
300; 1; matematica
301; 1; matematica
302; 1; matematica
303; 1; matematica
304; 1; matematica
305; 1; matematica
306; 1; matematica
307; 1; matematica
308; 1; matematica
309; 1; matematica
310; 1; matematica
311; 1; matematica
312; 1; matematica
313; 1; matematica
314; 1; matematica
315; 1; matematica
316; 1; matematica
317; 1; matematica
318; 1; matematica
319; 1; matematica
320; 1; matematica
321; 1; matematica
322; 1; matematica
323; 1; matematica
324; 1; matematica
325; 1; matematica
326; 1; matematica
327; 1; matematica
328; 1; matematica
329; 1; matematica
330; 1; matematica
331; 1; matematica
332; 1; matematica
333; 1; matematica
334; 1; matematica
335; 1; matematica
336; 1; matematica
337; 1; matematica
338; 1; matematica
339; 1; matematica
340; 1; matematica
341; 1; matematica
342; 1; matematica
343; 1; matematica
344; 1; matematica
345; 1; matematica
346; 1; matematica
347; 1; matematica
348; 1; matematica
349; 1; matematica
350; 1; matematica
351; 1; matematica
352; 1; matematica
353; 1; matematica
354; 1; matematica
355; 1; matematica
356; 1; matematica
357; 1; matematica
358; 1; matematica
359; 1; matematica
360; 1; matematica
361; 1; matematica
362; 1; matematica
363; 1; matematica
364; 1; matematica
365; 1; matematica
366; 1; matematica
367; 1; matematica
368; 1; matematica
369; 1; matematica
370; 1; matematica
371; 1; matematica
372; 1; matematica
373; 1; matematica
374; 1; matematica
375; 1; matematica
376; 1; matematica
377; 1; matematica
378; 1; matematica
379; 1; matematica
380; 1; matematica
381; 1; matematica
382; 1; matematica
383; 1; matematica
384; 1; matematica
385; 1; matematica
386; 1; matematica
387; 1; matematica
388; 1; matematica
389; 1; matematica
390; 1; matematica
391; 1; matematica
392; 1; matematica
393; 1; matematica
394; 1; matematica
395; 1; matematica
396; 1; matematica
397; 1; matematica
398; 1; matematica
399; 1; matematica
400; 1; matematica
401; 1; matematica
402; 1; matematica
403; 1; matematica
404; 1; matematica
405; 1; matematica
406; 1; matematica
407; 1; matematica
408; 1; matematica
409; 1; matematica
410; 1; matematica
411; 1; matematica
412; 1; matematica
413; 1; matematica
414; 1; matematica
415; 1; matematica
416; 1; matematica
417; 1; matematica
418; 1; matematica
419; 1; matematica
420; 1; matematica
421; 1; matematica
422; 1; matematica
423; 1; matematica
424; 1; matematica
425; 1; matematica
426; 1; matematica
427; 1; matematica
428; 1; matematica
429; 1; matematica
430; 1; matematica
431; 1; matematica
432; 1; matematica
433; 1; matematica
434; 1; matematica
435; 1; matematica
436; 1; matematica
437; 1; matematica
438; 1; matematica
439; 1; matematica
440; 1; matematica
441; 1; matematica
442; 1; matematica
443; 1; matematica
444; 1; matematica
445; 1; matematica
446; 1; matematica
447; 1; matematica
448; 1; matematica
449; 1; matematica
450; 1; matematica
451; 1; matematica
452; 1; matematica
453; 1; matematica
454; 1; matematica
455; 1; matematica
456; 1; matematica
457; 1; matematica
458; 1; matematica
459; 1; matematica
460; 1; matematica
461; 1; matematica
462; 1; matematica
463; 1; matematica
464; 1; matematica
465; 1; matematica
466; 1; matematica
467; 1; matematica
468; 1; matematica
469; 1; matematica
470; 1; matematica
471; 1; matematica
472; 1; matematica
473; 1; matematica
474; 1; matematica
475; 1; matematica
476; 1; matematica
477; 1; matematica
478; 1; matematica
479; 1; matematica
480; 1; matematica
481; 1; matematica
482; 1; matematica
483; 1; matematica
484; 1; matematica
485; 1; matematica
486; 1; matematica
487; 1; matematica
488; 1; matematica
489; 1; matematica
490; 1; matematica
491; 1; matematica
492; 1; matematica
493; 1; matematica
494; 1; matematica
495; 1; matematica
496; 1; matematica
497; 1; matematica
498; 1; matematica
499; 1; matematica
500; 1; matematica
501; 1; matematica
502; 1; matematica
503; 1; matematica
504; 1; matematica
505; 1; matematica
506; 1; matematica
507; 1; matematica
508; 1; matematica
509; 1; matematica
510; 1; matematica
511; 1; matematica
512; 1; matematica
513; 1; matematica
514; 1; matematica
515; 1; matematica
516; 1; matematica
517; 1; matematica
518; 1; matematica
519; 1; matematica
520; 1; matematica
521; 1; matematica
522; 1; matematica
523; 1; matematica
524; 1; matematica
525; 1; matematica
526; 1; matematica
527; 1; matematica
528; 1; matematica
529; 1; matematica
530; 1; matematica
531; 1; matematica
532; 1; matematica
533; 1; matematica
534; 1; matematica
535; 1; matematica
536; 1; matematica
537; 1; matematica
538; 1; matematica
539; 1; matematica
540; 1; matematica
541; 1; matematica
542; 1; matematica
543; 1; matematica
544; 1; matematica
545; 1; matematica
546; 1; matematica
547; 1; matematica
548; 1; matematica
549; 1; matematica
550; 1; matematica
551; 1; matematica
552; 1; matematica
553; 1; matematica
554; 1; matematica
555; 1; matematica
556; 1; matematica
557; 1; matematica
558; 1; matematica
559; 1; matematica
560; 1; matematica
561; 1; matematica
562; 1; matematica
563; 1; matematica
564; 1; matematica
565; 1; matematica
566; 1; matematica
567; 1; matematica
568; 1; matematica
569; 1; matematica
570; 1; matematica
571; 1; matematica
572; 1; matematica
573; 1; matematica
574; 1; matematica
575; 1; matematica
576; 1; matematica
577; 1; matematica
578; 1; matematica
579; 1; matematica
580; 1; matematica
581; 1; matematica
582; 1; matematica
583; 1; matematica
584; 1; matematica
585; 1; matematica
586; 1; matematica
587; 1; matematica
588; 1; matematica
589; 1; matematica
590; 1; matematica
591; 1; matematica
592; 1; matematica
593; 1; matematica
594; 1; matematica
595; 1; matematica
596; 1; matematica
597; 1; matematica
598; 1; matematica
599; 1; matematica
600; 1; matematica
601; 1; matematica
602; 1; matematica
603; 1; matematica
604; 1; matematica
605; 1; matematica
606; 1; matematica
607; 1; matematica
608; 1; matematica
609; 1; matematica
610; 1; matematica
611; 1; matematica
612; 1; matematica
613; 1; matematica
614; 1; matematica
615; 1; matematica
616; 1; matematica
617; 1; matematica
618; 1; matematica
619; 1; matematica
620; 1; matematica
621; 1; matematica
622; 1; matematica
623; 1; matematica
624; 1; matematica
625; 1; matematica
626; 1; matematica
627; 1; matematica
628; 1; matematica
629; 1; matematica
630; 1; matematica
631; 1; matematica
632; 1; matematica
633; 1; matematica
634; 1; matematica
635; 1; matematica
636; 1; matematica
637; 1; matematica
638; 1; matematica
639; 1; matematica
640; 1; matematica
641; 1; matematica
642; 1; matematica
643; 1; matematica
644; 1; matematica
645; 1; matematica
646; 1; matematica
647; 1; matematica
648; 1; matematica
649; 1; matematica
650; 1; matematica
651; 1; matematica
652; 1; matematica
653; 1; matematica
654; 1; matematica
655; 1; matematica
656; 1; matematica
657; 1; matematica
658; 1; matematica
659; 1; matematica
660; 1; matematica
661; 1; matematica
662; 1; matematica
663; 1; matematica
664; 1; matematica
665; 1; matematica
666; 1; matematica
667; 1; matematica
668; 1; matematica
669; 1; matematica
670; 1; matematica
671; 1; matematica
672; 1; matematica
673; 1; matematica
674; 1; matematica
675; 1; matematica
676; 1; matematica
677; 1; matematica
678; 1; matematica
679; 1; matematica
680; 1; matematica
681; 1; matematica
682; 1; matematica
683; 1; matematica
684; 1; matematica
685; 1; matematica
686; 1; matematica
687; 1; matematica
688; 1; matematica
689; 1; matematica
690; 1; matematica
691; 1; matematica
692; 1; matematica
693; 1; matematica
694; 1; matematica
695; 1; matematica
696; 1; matematica
697; 1; matematica
698; 1; matematica
699; 1; matematica
700; 1; matematica
701; 1; matematica
702; 1; matematica
703; 1; matematica
704; 1; matematica
705; 1; matematica
706; 1; matematica
707; 1; matematica
708; 1; matematica
709; 1; matematica
710; 1; matematica
711; 1; matematica
712; 1; matematica
713; 1; matematica
714; 1; matematica
715; 1; matematica
716; 1; matematica
717; 1; matematica
718; 1; matematica
719; 1; matematica
720; 1; matematica
721; 1; matematica
722; 1; matematica
723; 1; matematica
724; 1; matematica
725; 1; matematica
726; 1; matematica
727; 1; matematica
728; 1; matematica
729; 1; matematica
730; 1; matematica
731; 1; matematica
732; 1; matematica
733; 1; matematica
734; 1; matematica
735; 1; matematica
736; 1; matematica
737; 1; matematica
738; 1; matematica
739; 1; matematica
740; 1; matematica
741; 1; matematica
742; 1; matematica
743; 1; matematica
744; 1; matematica
745; 1; matematica
746; 1; matematica
747; 1; matematica
748; 1; matematica
749; 1; matematica
750; 1; matematica
751; 1; matematica
752; 1; matematica
753; 1; matematica
754; 1; matematica
755; 1; matematica
756; 1; matematica
757; 1; matematica
758; 1; matematica
759; 1; matematica
760; 1; matematica
761; 1; matematica
762; 1; matematica
763; 1; matematica
764; 1; matematica
765; 1; matematica
766; 1; matematica
767; 1; matematica
768; 1; matematica
769; 1; matematica
770; 1; matematica
771; 1; matematica
772; 1; matematica
773; 1; matematica
774; 1; matematica
775; 1; matematica
776; 1; matematica
777; 1; matematica
778; 1; matematica
779; 1; matematica
780; 1; matematica
781; 1; matematica
782; 1; matematica
783; 1; matematica
784; 1; matematica
785; 1; matematica
786; 1; matematica
787; 1; matematica
788; 1; matematica
789; 1; matematica
790; 1; matematica
791; 1; matematica
792; 1; matematica
793; 1; matematica
794; 1; matematica
795; 1; matematica
796; 1; matematica
797; 1; matematica
798; 1; matematica
799; 1; matematica
800; 1; matematica
801; 1; matematica
802; 1; matematica
803; 1; matematica
804; 1; matematica
805; 1; matematica
806; 1; matematica
807; 1; matematica
808; 1; matematica
809; 1; matematica
810; 1; matematica
811; 1; matematica
812; 1; matematica
813; 1; matematica
814; 1; matematica
815; 1; matematica
816; 1; matematica
817; 1; matematica
818; 1; matematica
819; 1; matematica
820; 1; matematica
821; 1; matematica
822; 1; matematica
823; 1; matematica
824; 1; matematica
825; 1; matematica
826; 1; matematica
827; 1; matematica
828; 1; matematica
829; 1; matematica
830; 1; matematica
831; 1; matematica
832; 1; matematica
833; 1; matematica
834; 1; matematica
835; 1; matematica
836; 1; matematica
837; 1; matematica
838; 1; matematica
839; 1; matematica
840; 1; matematica
841; 1; matematica
842; 1; matematica
843; 1; matematica
844; 1; matematica
845; 1; matematica
846; 1; matematica
847; 1; matematica
848; 1; matematica
849; 1; matematica
850; 1; matematica
851; 1; matematica
852; 1; matematica
853; 1; matematica
854; 1; matematica
855; 1; matematica
856; 1; matematica
857; 1; matematica
858; 1; matematica
859; 1; matematica
860; 1; matematica
861; 1; matematica
862; 1; matematica
863; 1; matematica
864; 1; matematica
865; 1; matematica
866; 1; matematica
867; 1; matematica
868; 1; matematica
869; 1; matematica
870; 1; matematica
871; 1; matematica
872; 1; matematica
873; 1; matematica
874; 1; matematica
875; 1; matematica
876; 1; matematica
877; 1; matematica
878; 1; matematica
879; 1; matematica
880; 1; matematica
881; 1; matematica
882; 1; matematica
883; 1; matematica
884; 1; matematica
885; 1; matematica
886; 1; matematica
887; 1; matematica
888; 1; matematica
889; 1; matematica
890; 1; matematica
891; 1; matematica
892; 1; matematica
893; 1; matematica
894; 1; matematica
895; 1; matematica
896; 1; matematica
897; 1; matematica
898; 1; matematica
899; 1; matematica
900; 1; matematica
901; 1; matematica
902; 1; matematica
903; 1; matematica
904; 1; matematica
905; 1; matematica
906; 1; matematica
907; 1; matematica
908; 1; matematica
909; 1; matematica
910; 1; matematica
911; 1; matematica
912; 1; matematica
913; 1; matematica
914; 1; matematica
915; 1; matematica
916; 1; matematica
917; 1; matematica
918; 1; matematica
919; 1; matematica
920; 1; matematica
921; 1; matematica
922; 1; matematica
923; 1; matematica
924; 1; matematica
925; 1; matematica
926; 1; matematica
927; 1; matematica
928; 1; matematica
929; 1; matematica
930; 1; matematica
931; 1; matematica
932; 1; matematica
933; 1; matematica
934; 1; matematica
935; 1; matematica
936; 1; matematica
937; 1; matematica
938; 1; matematica
939; 1; matematica
940; 1; matematica
941; 1; matematica
942; 1; matematica
943; 1; matematica
944; 1; matematica
945; 1; matematica
946; 1; matematica
947; 1; matematica
948; 1; matematica
949; 1; matematica
950; 1; matematica
951; 1; matematica
952; 1; matematica
953; 1; matematica
954; 1; matematica
955; 1; matematica
956; 1; matematica
957; 1; matematica
958; 1; matematica
959; 1; matematica
960; 1; matematica
961; 1; matematica
962; 1; matematica
963; 1; matematica
964; 1; matematica
965; 1; matematica
966; 1; matematica
967; 1; matematica
968; 1; matematica
969; 1; matematica
970; 1; matematica
971; 1; matematica
972; 1; matematica
973; 1; matematica
974; 1; matematica
975; 1; matematica
976; 1; matematica
977; 1; matematica
978; 1; matematica
979; 1; matematica
980; 1; matematica
981; 1; matematica
982; 1; matematica
983; 1; matematica
984; 1; matematica
985; 1; matematica
986; 1; matematica
987; 1; matematica
988; 1; matematica
989; 1; matematica
990; 1; matematica
991; 1; matematica
992; 1; matematica
993; 1; matematica
994; 1; matematica
995; 1; matematica
996; 1; matematica
997; 1; matematica
998; 1; matematica
999; 1; matematica
1000; 1; matematica
1; 2; italiano
2; 2; italiano
3; 2; italiano
4; 2; italiano
5; 2; italiano
6; 2; italiano
7; 2; italiano
8; 2; italiano
9; 2; italiano
10; 2; italiano
11; 2; italiano
12; 2; italiano
13; 2; italiano
14; 2; italiano
15; 2; italiano
16; 2; italiano
17; 2; italiano
18; 2; italiano
19; 2; italiano
20; 2; italiano
21; 2; italiano
22; 2; italiano
23; 2; italiano
24; 2; italiano
25; 2; italiano
26; 2; italiano
27; 2; italiano
28; 2; italiano
29; 2; italiano
30; 2; italiano
31; 2; italiano
32; 2; italiano
33; 2; italiano
34; 2; italiano
35; 2; italiano
36; 2; italiano
37; 2; italiano
38; 2; italiano
39; 2; italiano
40; 2; italiano
41; 2; italiano
42; 2; italiano
43; 2; italiano
44; 2; italiano
45; 2; italiano
46; 2; italiano
47; 2; italiano
48; 2; italiano
49; 2; italiano
50; 2; italiano
51; 2; italiano
52; 2; italiano
53; 2; italiano
54; 2; italiano
55; 2; italiano
56; 2; italiano
57; 2; italiano
58; 2; italiano
59; 2; italiano
60; 2; italiano
61; 2; italiano
62; 2; italiano
63; 2; italiano
64; 2; italiano
65; 2; italiano
66; 2; italiano
67; 2; italiano
68; 2; italiano
69; 2; italiano
70; 2; italiano
71; 2; italiano
72; 2; italiano
73; 2; italiano
74; 2; italiano
75; 2; italiano
76; 2; italiano
77; 2; italiano
78; 2; italiano
79; 2; italiano
80; 2; italiano
81; 2; italiano
82; 2; italiano
83; 2; italiano
84; 2; italiano
85; 2; italiano
86; 2; italiano
87; 2; italiano
88; 2; italiano
89; 2; italiano
90; 2; italiano
91; 2; italiano
92; 2; italiano
93; 2; italiano
94; 2; italiano
95; 2; italiano
96; 2; italiano
97; 2; italiano
98; 2; italiano
99; 2; italiano
100; 2; italiano
101; 2; italiano
102; 2; italiano
103; 2; italiano
104; 2; italiano
105; 2; italiano
106; 2; italiano
107; 2; italiano
108; 2; italiano
109; 2; italiano
110; 2; italiano
111; 2; italiano
112; 2; italiano
113; 2; italiano
114; 2; italiano
115; 2; italiano
116; 2; italiano
117; 2; italiano
118; 2; italiano
119; 2; italiano
120; 2; italiano
121; 2; italiano
122; 2; italiano
123; 2; italiano
124; 2; italiano
125; 2; italiano
126; 2; italiano
127; 2; italiano
128; 2; italiano
129; 2; italiano
130; 2; italiano
131; 2; italiano
132; 2; italiano
133; 2; italiano
134; 2; italiano
135; 2; italiano
136; 2; italiano
137; 2; italiano
138; 2; italiano
139; 2; italiano
140; 2; italiano
141; 2; italiano
142; 2; italiano
143; 2; italiano
144; 2; italiano
145; 2; italiano
146; 2; italiano
147; 2; italiano
148; 2; italiano
149; 2; italiano
150; 2; italiano
151; 2; italiano
152; 2; italiano
153; 2; italiano
154; 2; italiano
155; 2; italiano
156; 2; italiano
157; 2; italiano
158; 2; italiano
159; 2; italiano
160; 2; italiano
161; 2; italiano
162; 2; italiano
163; 2; italiano
164; 2; italiano
165; 2; italiano
166; 2; italiano
167; 2; italiano
168; 2; italiano
169; 2; italiano
170; 2; italiano
171; 2; italiano
172; 2; italiano
173; 2; italiano
174; 2; italiano
175; 2; italiano
176; 2; italiano
177; 2; italiano
178; 2; italiano
179; 2; italiano
180; 2; italiano
181; 2; italiano
182; 2; italiano
183; 2; italiano
184; 2; italiano
185; 2; italiano
186; 2; italiano
187; 2; italiano
188; 2; italiano
189; 2; italiano
190; 2; italiano
191; 2; italiano
192; 2; italiano
193; 2; italiano
194; 2; italiano
195; 2; italiano
196; 2; italiano
197; 2; italiano
198; 2; italiano
199; 2; italiano
200; 2; italiano
201; 2; italiano
202; 2; italiano
203; 2; italiano
204; 2; italiano
205; 2; italiano
206; 2; italiano
207; 2; italiano
208; 2; italiano
209; 2; italiano
210; 2; italiano
211; 2; italiano
212; 2; italiano
213; 2; italiano
214; 2; italiano
215; 2; italiano
216; 2; italiano
217; 2; italiano
218; 2; italiano
219; 2; italiano
220; 2; italiano
221; 2; italiano
222; 2; italiano
223; 2; italiano
224; 2; italiano
225; 2; italiano
226; 2; italiano
227; 2; italiano
228; 2; italiano
229; 2; italiano
230; 2; italiano
231; 2; italiano
232; 2; italiano
233; 2; italiano
234; 2; italiano
235; 2; italiano
236; 2; italiano
237; 2; italiano
238; 2; italiano
239; 2; italiano
240; 2; italiano
241; 2; italiano
242; 2; italiano
243; 2; italiano
244; 2; italiano
245; 2; italiano
246; 2; italiano
247; 2; italiano
248; 2; italiano
249; 2; italiano
250; 2; italiano
251; 2; italiano
252; 2; italiano
253; 2; italiano
254; 2; italiano
255; 2; italiano
256; 2; italiano
257; 2; italiano
258; 2; italiano
259; 2; italiano
260; 2; italiano
261; 2; italiano
262; 2; italiano
263; 2; italiano
264; 2; italiano
265; 2; italiano
266; 2; italiano
267; 2; italiano
268; 2; italiano
269; 2; italiano
270; 2; italiano
271; 2; italiano
272; 2; italiano
273; 2; italiano
274; 2; italiano
275; 2; italiano
276; 2; italiano
277; 2; italiano
278; 2; italiano
279; 2; italiano
280; 2; italiano
281; 2; italiano
282; 2; italiano
283; 2; italiano
284; 2; italiano
285; 2; italiano
286; 2; italiano
287; 2; italiano
288; 2; italiano
289; 2; italiano
290; 2; italiano
291; 2; italiano
292; 2; italiano
293; 2; italiano
294; 2; italiano
295; 2; italiano
296; 2; italiano
297; 2; italiano
298; 2; italiano
299; 2; italiano
300; 2; italiano
301; 2; italiano
302; 2; italiano
303; 2; italiano
304; 2; italiano
305; 2; italiano
306; 2; italiano
307; 2; italiano
308; 2; italiano
309; 2; italiano
310; 2; italiano
311; 2; italiano
312; 2; italiano
313; 2; italiano
314; 2; italiano
315; 2; italiano
316; 2; italiano
317; 2; italiano
318; 2; italiano
319; 2; italiano
320; 2; italiano
321; 2; italiano
322; 2; italiano
323; 2; italiano
324; 2; italiano
325; 2; italiano
326; 2; italiano
327; 2; italiano
328; 2; italiano
329; 2; italiano
330; 2; italiano
331; 2; italiano
332; 2; italiano
333; 2; italiano
334; 2; italiano
335; 2; italiano
336; 2; italiano
337; 2; italiano
338; 2; italiano
339; 2; italiano
340; 2; italiano
341; 2; italiano
342; 2; italiano
343; 2; italiano
344; 2; italiano
345; 2; italiano
346; 2; italiano
347; 2; italiano
348; 2; italiano
349; 2; italiano
350; 2; italiano
351; 2; italiano
352; 2; italiano
353; 2; italiano
354; 2; italiano
355; 2; italiano
356; 2; italiano
357; 2; italiano
358; 2; italiano
359; 2; italiano
360; 2; italiano
361; 2; italiano
362; 2; italiano
363; 2; italiano
364; 2; italiano
365; 2; italiano
366; 2; italiano
367; 2; italiano
368; 2; italiano
369; 2; italiano
370; 2; italiano
371; 2; italiano
372; 2; italiano
373; 2; italiano
374; 2; italiano
375; 2; italiano
376; 2; italiano
377; 2; italiano
378; 2; italiano
379; 2; italiano
380; 2; italiano
381; 2; italiano
382; 2; italiano
383; 2; italiano
384; 2; italiano
385; 2; italiano
386; 2; italiano
387; 2; italiano
388; 2; italiano
389; 2; italiano
390; 2; italiano
391; 2; italiano
392; 2; italiano
393; 2; italiano
394; 2; italiano
395; 2; italiano
396; 2; italiano
397; 2; italiano
398; 2; italiano
399; 2; italiano
400; 2; italiano
401; 2; italiano
402; 2; italiano
403; 2; italiano
404; 2; italiano
405; 2; italiano
406; 2; italiano
407; 2; italiano
408; 2; italiano
409; 2; italiano
410; 2; italiano
411; 2; italiano
412; 2; italiano
413; 2; italiano
414; 2; italiano
415; 2; italiano
416; 2; italiano
417; 2; italiano
418; 2; italiano
419; 2; italiano
420; 2; italiano
421; 2; italiano
422; 2; italiano
423; 2; italiano
424; 2; italiano
425; 2; italiano
426; 2; italiano
427; 2; italiano
428; 2; italiano
429; 2; italiano
430; 2; italiano
431; 2; italiano
432; 2; italiano
433; 2; italiano
434; 2; italiano
435; 2; italiano
436; 2; italiano
437; 2; italiano
438; 2; italiano
439; 2; italiano
440; 2; italiano
441; 2; italiano
442; 2; italiano
443; 2; italiano
444; 2; italiano
445; 2; italiano
446; 2; italiano
447; 2; italiano
448; 2; italiano
449; 2; italiano
450; 2; italiano
451; 2; italiano
452; 2; italiano
453; 2; italiano
454; 2; italiano
455; 2; italiano
456; 2; italiano
457; 2; italiano
458; 2; italiano
459; 2; italiano
460; 2; italiano
461; 2; italiano
462; 2; italiano
463; 2; italiano
464; 2; italiano
465; 2; italiano
466; 2; italiano
467; 2; italiano
468; 2; italiano
469; 2; italiano
470; 2; italiano
471; 2; italiano
472; 2; italiano
473; 2; italiano
474; 2; italiano
475; 2; italiano
476; 2; italiano
477; 2; italiano
478; 2; italiano
479; 2; italiano
480; 2; italiano
481; 2; italiano
482; 2; italiano
483; 2; italiano
484; 2; italiano
485; 2; italiano
486; 2; italiano
487; 2; italiano
488; 2; italiano
489; 2; italiano
490; 2; italiano
491; 2; italiano
492; 2; italiano
493; 2; italiano
494; 2; italiano
495; 2; italiano
496; 2; italiano
497; 2; italiano
498; 2; italiano
499; 2; italiano
500; 2; italiano
501; 2; italiano
502; 2; italiano
503; 2; italiano
504; 2; italiano
505; 2; italiano
506; 2; italiano
507; 2; italiano
508; 2; italiano
509; 2; italiano
510; 2; italiano
511; 2; italiano
512; 2; italiano
513; 2; italiano
514; 2; italiano
515; 2; italiano
516; 2; italiano
517; 2; italiano
518; 2; italiano
519; 2; italiano
520; 2; italiano
521; 2; italiano
522; 2; italiano
523; 2; italiano
524; 2; italiano
525; 2; italiano
526; 2; italiano
527; 2; italiano
528; 2; italiano
529; 2; italiano
530; 2; italiano
531; 2; italiano
532; 2; italiano
533; 2; italiano
534; 2; italiano
535; 2; italiano
536; 2; italiano
537; 2; italiano
538; 2; italiano
539; 2; italiano
540; 2; italiano
541; 2; italiano
542; 2; italiano
543; 2; italiano
544; 2; italiano
545; 2; italiano
546; 2; italiano
547; 2; italiano
548; 2; italiano
549; 2; italiano
550; 2; italiano
551; 2; italiano
552; 2; italiano
553; 2; italiano
554; 2; italiano
555; 2; italiano
556; 2; italiano
557; 2; italiano
558; 2; italiano
559; 2; italiano
560; 2; italiano
561; 2; italiano
562; 2; italiano
563; 2; italiano
564; 2; italiano
565; 2; italiano
566; 2; italiano
567; 2; italiano
568; 2; italiano
569; 2; italiano
570; 2; italiano
571; 2; italiano
572; 2; italiano
573; 2; italiano
574; 2; italiano
575; 2; italiano
576; 2; italiano
577; 2; italiano
578; 2; italiano
579; 2; italiano
580; 2; italiano
581; 2; italiano
582; 2; italiano
583; 2; italiano
584; 2; italiano
585; 2; italiano
586; 2; italiano
587; 2; italiano
588; 2; italiano
589; 2; italiano
590; 2; italiano
591; 2; italiano
592; 2; italiano
593; 2; italiano
594; 2; italiano
595; 2; italiano
596; 2; italiano
597; 2; italiano
598; 2; italiano
599; 2; italiano
600; 2; italiano
601; 2; italiano
602; 2; italiano
603; 2; italiano
604; 2; italiano
605; 2; italiano
606; 2; italiano
607; 2; italiano
608; 2; italiano
609; 2; italiano
610; 2; italiano
611; 2; italiano
612; 2; italiano
613; 2; italiano
614; 2; italiano
615; 2; italiano
616; 2; italiano
617; 2; italiano
618; 2; italiano
619; 2; italiano
620; 2; italiano
621; 2; italiano
622; 2; italiano
623; 2; italiano
624; 2; italiano
625; 2; italiano
626; 2; italiano
627; 2; italiano
628; 2; italiano
629; 2; italiano
630; 2; italiano
631; 2; italiano
632; 2; italiano
633; 2; italiano
634; 2; italiano
635; 2; italiano
636; 2; italiano
637; 2; italiano
638; 2; italiano
639; 2; italiano
640; 2; italiano
641; 2; italiano
642; 2; italiano
643; 2; italiano
644; 2; italiano
645; 2; italiano
646; 2; italiano
647; 2; italiano
648; 2; italiano
649; 2; italiano
650; 2; italiano
651; 2; italiano
652; 2; italiano
653; 2; italiano
654; 2; italiano
655; 2; italiano
656; 2; italiano
657; 2; italiano
658; 2; italiano
659; 2; italiano
660; 2; italiano
661; 2; italiano
662; 2; italiano
663; 2; italiano
664; 2; italiano
665; 2; italiano
666; 2; italiano
667; 2; italiano
668; 2; italiano
669; 2; italiano
670; 2; italiano
671; 2; italiano
672; 2; italiano
673; 2; italiano
674; 2; italiano
675; 2; italiano
676; 2; italiano
677; 2; italiano
678; 2; italiano
679; 2; italiano
680; 2; italiano
681; 2; italiano
682; 2; italiano
683; 2; italiano
684; 2; italiano
685; 2; italiano
686; 2; italiano
687; 2; italiano
688; 2; italiano
689; 2; italiano
690; 2; italiano
691; 2; italiano
692; 2; italiano
693; 2; italiano
694; 2; italiano
695; 2; italiano
696; 2; italiano
697; 2; italiano
698; 2; italiano
699; 2; italiano
700; 2; italiano
701; 2; italiano
702; 2; italiano
703; 2; italiano
704; 2; italiano
705; 2; italiano
706; 2; italiano
707; 2; italiano
708; 2; italiano
709; 2; italiano
710; 2; italiano
711; 2; italiano
712; 2; italiano
713; 2; italiano
714; 2; italiano
715; 2; italiano
716; 2; italiano
717; 2; italiano
718; 2; italiano
719; 2; italiano
720; 2; italiano
721; 2; italiano
722; 2; italiano
723; 2; italiano
724; 2; italiano
725; 2; italiano
726; 2; italiano
727; 2; italiano
728; 2; italiano
729; 2; italiano
730; 2; italiano
731; 2; italiano
732; 2; italiano
733; 2; italiano
734; 2; italiano
735; 2; italiano
736; 2; italiano
737; 2; italiano
738; 2; italiano
739; 2; italiano
740; 2; italiano
741; 2; italiano
742; 2; italiano
743; 2; italiano
744; 2; italiano
745; 2; italiano
746; 2; italiano
747; 2; italiano
748; 2; italiano
749; 2; italiano
750; 2; italiano
751; 2; italiano
752; 2; italiano
753; 2; italiano
754; 2; italiano
755; 2; italiano
756; 2; italiano
757; 2; italiano
758; 2; italiano
759; 2; italiano
760; 2; italiano
761; 2; italiano
762; 2; italiano
763; 2; italiano
764; 2; italiano
765; 2; italiano
766; 2; italiano
767; 2; italiano
768; 2; italiano
769; 2; italiano
770; 2; italiano
771; 2; italiano
772; 2; italiano
773; 2; italiano
774; 2; italiano
775; 2; italiano
776; 2; italiano
777; 2; italiano
778; 2; italiano
779; 2; italiano
780; 2; italiano
781; 2; italiano
782; 2; italiano
783; 2; italiano
784; 2; italiano
785; 2; italiano
786; 2; italiano
787; 2; italiano
788; 2; italiano
789; 2; italiano
790; 2; italiano
791; 2; italiano
792; 2; italiano
793; 2; italiano
794; 2; italiano
795; 2; italiano
796; 2; italiano
797; 2; italiano
798; 2; italiano
799; 2; italiano
800; 2; italiano
801; 2; italiano
802; 2; italiano
803; 2; italiano
804; 2; italiano
805; 2; italiano
806; 2; italiano
807; 2; italiano
808; 2; italiano
809; 2; italiano
810; 2; italiano
811; 2; italiano
812; 2; italiano
813; 2; italiano
814; 2; italiano
815; 2; italiano
816; 2; italiano
817; 2; italiano
818; 2; italiano
819; 2; italiano
820; 2; italiano
821; 2; italiano
822; 2; italiano
823; 2; italiano
824; 2; italiano
825; 2; italiano
826; 2; italiano
827; 2; italiano
828; 2; italiano
829; 2; italiano
830; 2; italiano
831; 2; italiano
832; 2; italiano
833; 2; italiano
834; 2; italiano
835; 2; italiano
836; 2; italiano
837; 2; italiano
838; 2; italiano
839; 2; italiano
840; 2; italiano
841; 2; italiano
842; 2; italiano
843; 2; italiano
844; 2; italiano
845; 2; italiano
846; 2; italiano
847; 2; italiano
848; 2; italiano
849; 2; italiano
850; 2; italiano
851; 2; italiano
852; 2; italiano
853; 2; italiano
854; 2; italiano
855; 2; italiano
856; 2; italiano
857; 2; italiano
858; 2; italiano
859; 2; italiano
860; 2; italiano
861; 2; italiano
862; 2; italiano
863; 2; italiano
864; 2; italiano
865; 2; italiano
866; 2; italiano
867; 2; italiano
868; 2; italiano
869; 2; italiano
870; 2; italiano
871; 2; italiano
872; 2; italiano
873; 2; italiano
874; 2; italiano
875; 2; italiano
876; 2; italiano
877; 2; italiano
878; 2; italiano
879; 2; italiano
880; 2; italiano
881; 2; italiano
882; 2; italiano
883; 2; italiano
884; 2; italiano
885; 2; italiano
886; 2; italiano
887; 2; italiano
888; 2; italiano
889; 2; italiano
890; 2; italiano
891; 2; italiano
892; 2; italiano
893; 2; italiano
894; 2; italiano
895; 2; italiano
896; 2; italiano
897; 2; italiano
898; 2; italiano
899; 2; italiano
900; 2; italiano
901; 2; italiano
902; 2; italiano
903; 2; italiano
904; 2; italiano
905; 2; italiano
906; 2; italiano
907; 2; italiano
908; 2; italiano
909; 2; italiano
910; 2; italiano
911; 2; italiano
912; 2; italiano
913; 2; italiano
914; 2; italiano
915; 2; italiano
916; 2; italiano
917; 2; italiano
918; 2; italiano
919; 2; italiano
920; 2; italiano
921; 2; italiano
922; 2; italiano
923; 2; italiano
924; 2; italiano
925; 2; italiano
926; 2; italiano
927; 2; italiano
928; 2; italiano
929; 2; italiano
930; 2; italiano
931; 2; italiano
932; 2; italiano
933; 2; italiano
934; 2; italiano
935; 2; italiano
936; 2; italiano
937; 2; italiano
938; 2; italiano
939; 2; italiano
940; 2; italiano
941; 2; italiano
942; 2; italiano
943; 2; italiano
944; 2; italiano
945; 2; italiano
946; 2; italiano
947; 2; italiano
948; 2; italiano
949; 2; italiano
950; 2; italiano
951; 2; italiano
952; 2; italiano
953; 2; italiano
954; 2; italiano
955; 2; italiano
956; 2; italiano
957; 2; italiano
958; 2; italiano
959; 2; italiano
960; 2; italiano
961; 2; italiano
962; 2; italiano
963; 2; italiano
964; 2; italiano
965; 2; italiano
966; 2; italiano
967; 2; italiano
968; 2; italiano
969; 2; italiano
970; 2; italiano
971; 2; italiano
972; 2; italiano
973; 2; italiano
974; 2; italiano
975; 2; italiano
976; 2; italiano
977; 2; italiano
978; 2; italiano
979; 2; italiano
980; 2; italiano
981; 2; italiano
982; 2; italiano
983; 2; italiano
984; 2; italiano
985; 2; italiano
986; 2; italiano
987; 2; italiano
988; 2; italiano
989; 2; italiano
990; 2; italiano
991; 2; italiano
992; 2; italiano
993; 2; italiano
994; 2; italiano
995; 2; italiano
996; 2; italiano
997; 2; italiano
998; 2; italiano
999; 2; italiano
1000; 2; italiano
1; 3; inglese
2; 3; inglese
3; 3; inglese
4; 3; inglese
5; 3; inglese
6; 3; inglese
7; 3; inglese
8; 3; inglese
9; 3; inglese
10; 3; inglese
11; 3; inglese
12; 3; inglese
13; 3; inglese
14; 3; inglese
15; 3; inglese
16; 3; inglese
17; 3; inglese
18; 3; inglese
19; 3; inglese
20; 3; inglese
21; 3; inglese
22; 3; inglese
23; 3; inglese
24; 3; inglese
25; 3; inglese
26; 3; inglese
27; 3; inglese
28; 3; inglese
29; 3; inglese
30; 3; inglese
31; 3; inglese
32; 3; inglese
33; 3; inglese
34; 3; inglese
35; 3; inglese
36; 3; inglese
37; 3; inglese
38; 3; inglese
39; 3; inglese
40; 3; inglese
41; 3; inglese
42; 3; inglese
43; 3; inglese
44; 3; inglese
45; 3; inglese
46; 3; inglese
47; 3; inglese
48; 3; inglese
49; 3; inglese
50; 3; inglese
51; 3; inglese
52; 3; inglese
53; 3; inglese
54; 3; inglese
55; 3; inglese
56; 3; inglese
57; 3; inglese
58; 3; inglese
59; 3; inglese
60; 3; inglese
61; 3; inglese
62; 3; inglese
63; 3; inglese
64; 3; inglese
65; 3; inglese
66; 3; inglese
67; 3; inglese
68; 3; inglese
69; 3; inglese
70; 3; inglese
71; 3; inglese
72; 3; inglese
73; 3; inglese
74; 3; inglese
75; 3; inglese
76; 3; inglese
77; 3; inglese
78; 3; inglese
79; 3; inglese
80; 3; inglese
81; 3; inglese
82; 3; inglese
83; 3; inglese
84; 3; inglese
85; 3; inglese
86; 3; inglese
87; 3; inglese
88; 3; inglese
89; 3; inglese
90; 3; inglese
91; 3; inglese
92; 3; inglese
93; 3; inglese
94; 3; inglese
95; 3; inglese
96; 3; inglese
97; 3; inglese
98; 3; inglese
99; 3; inglese
100; 3; inglese
101; 3; inglese
102; 3; inglese
103; 3; inglese
104; 3; inglese
105; 3; inglese
106; 3; inglese
107; 3; inglese
108; 3; inglese
109; 3; inglese
110; 3; inglese
111; 3; inglese
112; 3; inglese
113; 3; inglese
114; 3; inglese
115; 3; inglese
116; 3; inglese
117; 3; inglese
118; 3; inglese
119; 3; inglese
120; 3; inglese
121; 3; inglese
122; 3; inglese
123; 3; inglese
124; 3; inglese
125; 3; inglese
126; 3; inglese
127; 3; inglese
128; 3; inglese
129; 3; inglese
130; 3; inglese
131; 3; inglese
132; 3; inglese
133; 3; inglese
134; 3; inglese
135; 3; inglese
136; 3; inglese
137; 3; inglese
138; 3; inglese
139; 3; inglese
140; 3; inglese
141; 3; inglese
142; 3; inglese
143; 3; inglese
144; 3; inglese
145; 3; inglese
146; 3; inglese
147; 3; inglese
148; 3; inglese
149; 3; inglese
150; 3; inglese
151; 3; inglese
152; 3; inglese
153; 3; inglese
154; 3; inglese
155; 3; inglese
156; 3; inglese
157; 3; inglese
158; 3; inglese
159; 3; inglese
160; 3; inglese
161; 3; inglese
162; 3; inglese
163; 3; inglese
164; 3; inglese
165; 3; inglese
166; 3; inglese
167; 3; inglese
168; 3; inglese
169; 3; inglese
170; 3; inglese
171; 3; inglese
172; 3; inglese
173; 3; inglese
174; 3; inglese
175; 3; inglese
176; 3; inglese
177; 3; inglese
178; 3; inglese
179; 3; inglese
180; 3; inglese
181; 3; inglese
182; 3; inglese
183; 3; inglese
184; 3; inglese
185; 3; inglese
186; 3; inglese
187; 3; inglese
188; 3; inglese
189; 3; inglese
190; 3; inglese
191; 3; inglese
192; 3; inglese
193; 3; inglese
194; 3; inglese
195; 3; inglese
196; 3; inglese
197; 3; inglese
198; 3; inglese
199; 3; inglese
200; 3; inglese
201; 3; inglese
202; 3; inglese
203; 3; inglese
204; 3; inglese
205; 3; inglese
206; 3; inglese
207; 3; inglese
208; 3; inglese
209; 3; inglese
210; 3; inglese
211; 3; inglese
212; 3; inglese
213; 3; inglese
214; 3; inglese
215; 3; inglese
216; 3; inglese
217; 3; inglese
218; 3; inglese
219; 3; inglese
220; 3; inglese
221; 3; inglese
222; 3; inglese
223; 3; inglese
224; 3; inglese
225; 3; inglese
226; 3; inglese
227; 3; inglese
228; 3; inglese
229; 3; inglese
230; 3; inglese
231; 3; inglese
232; 3; inglese
233; 3; inglese
234; 3; inglese
235; 3; inglese
236; 3; inglese
237; 3; inglese
238; 3; inglese
239; 3; inglese
240; 3; inglese
241; 3; inglese
242; 3; inglese
243; 3; inglese
244; 3; inglese
245; 3; inglese
246; 3; inglese
247; 3; inglese
248; 3; inglese
249; 3; inglese
250; 3; inglese
251; 3; inglese
252; 3; inglese
253; 3; inglese
254; 3; inglese
255; 3; inglese
256; 3; inglese
257; 3; inglese
258; 3; inglese
259; 3; inglese
260; 3; inglese
261; 3; inglese
262; 3; inglese
263; 3; inglese
264; 3; inglese
265; 3; inglese
266; 3; inglese
267; 3; inglese
268; 3; inglese
269; 3; inglese
270; 3; inglese
271; 3; inglese
272; 3; inglese
273; 3; inglese
274; 3; inglese
275; 3; inglese
276; 3; inglese
277; 3; inglese
278; 3; inglese
279; 3; inglese
280; 3; inglese
281; 3; inglese
282; 3; inglese
283; 3; inglese
284; 3; inglese
285; 3; inglese
286; 3; inglese
287; 3; inglese
288; 3; inglese
289; 3; inglese
290; 3; inglese
291; 3; inglese
292; 3; inglese
293; 3; inglese
294; 3; inglese
295; 3; inglese
296; 3; inglese
297; 3; inglese
298; 3; inglese
299; 3; inglese
300; 3; inglese
301; 3; inglese
302; 3; inglese
303; 3; inglese
304; 3; inglese
305; 3; inglese
306; 3; inglese
307; 3; inglese
308; 3; inglese
309; 3; inglese
310; 3; inglese
311; 3; inglese
312; 3; inglese
313; 3; inglese
314; 3; inglese
315; 3; inglese
316; 3; inglese
317; 3; inglese
318; 3; inglese
319; 3; inglese
320; 3; inglese
321; 3; inglese
322; 3; inglese
323; 3; inglese
324; 3; inglese
325; 3; inglese
326; 3; inglese
327; 3; inglese
328; 3; inglese
329; 3; inglese
330; 3; inglese
331; 3; inglese
332; 3; inglese
333; 3; inglese
334; 3; inglese
335; 3; inglese
336; 3; inglese
337; 3; inglese
338; 3; inglese
339; 3; inglese
340; 3; inglese
341; 3; inglese
342; 3; inglese
343; 3; inglese
344; 3; inglese
345; 3; inglese
346; 3; inglese
347; 3; inglese
348; 3; inglese
349; 3; inglese
350; 3; inglese
351; 3; inglese
352; 3; inglese
353; 3; inglese
354; 3; inglese
355; 3; inglese
356; 3; inglese
357; 3; inglese
358; 3; inglese
359; 3; inglese
360; 3; inglese
361; 3; inglese
362; 3; inglese
363; 3; inglese
364; 3; inglese
365; 3; inglese
366; 3; inglese
367; 3; inglese
368; 3; inglese
369; 3; inglese
370; 3; inglese
371; 3; inglese
372; 3; inglese
373; 3; inglese
374; 3; inglese
375; 3; inglese
376; 3; inglese
377; 3; inglese
378; 3; inglese
379; 3; inglese
380; 3; inglese
381; 3; inglese
382; 3; inglese
383; 3; inglese
384; 3; inglese
385; 3; inglese
386; 3; inglese
387; 3; inglese
388; 3; inglese
389; 3; inglese
390; 3; inglese
391; 3; inglese
392; 3; inglese
393; 3; inglese
394; 3; inglese
395; 3; inglese
396; 3; inglese
397; 3; inglese
398; 3; inglese
399; 3; inglese
400; 3; inglese
401; 3; inglese
402; 3; inglese
403; 3; inglese
404; 3; inglese
405; 3; inglese
406; 3; inglese
407; 3; inglese
408; 3; inglese
409; 3; inglese
410; 3; inglese
411; 3; inglese
412; 3; inglese
413; 3; inglese
414; 3; inglese
415; 3; inglese
416; 3; inglese
417; 3; inglese
418; 3; inglese
419; 3; inglese
420; 3; inglese
421; 3; inglese
422; 3; inglese
423; 3; inglese
424; 3; inglese
425; 3; inglese
426; 3; inglese
427; 3; inglese
428; 3; inglese
429; 3; inglese
430; 3; inglese
431; 3; inglese
432; 3; inglese
433; 3; inglese
434; 3; inglese
435; 3; inglese
436; 3; inglese
437; 3; inglese
438; 3; inglese
439; 3; inglese
440; 3; inglese
441; 3; inglese
442; 3; inglese
443; 3; inglese
444; 3; inglese
445; 3; inglese
446; 3; inglese
447; 3; inglese
448; 3; inglese
449; 3; inglese
450; 3; inglese
451; 3; inglese
452; 3; inglese
453; 3; inglese
454; 3; inglese
455; 3; inglese
456; 3; inglese
457; 3; inglese
458; 3; inglese
459; 3; inglese
460; 3; inglese
461; 3; inglese
462; 3; inglese
463; 3; inglese
464; 3; inglese
465; 3; inglese
466; 3; inglese
467; 3; inglese
468; 3; inglese
469; 3; inglese
470; 3; inglese
471; 3; inglese
472; 3; inglese
473; 3; inglese
474; 3; inglese
475; 3; inglese
476; 3; inglese
477; 3; inglese
478; 3; inglese
479; 3; inglese
480; 3; inglese
481; 3; inglese
482; 3; inglese
483; 3; inglese
484; 3; inglese
485; 3; inglese
486; 3; inglese
487; 3; inglese
488; 3; inglese
489; 3; inglese
490; 3; inglese
491; 3; inglese
492; 3; inglese
493; 3; inglese
494; 3; inglese
495; 3; inglese
496; 3; inglese
497; 3; inglese
498; 3; inglese
499; 3; inglese
500; 3; inglese
501; 3; inglese
502; 3; inglese
503; 3; inglese
504; 3; inglese
505; 3; inglese
506; 3; inglese
507; 3; inglese
508; 3; inglese
509; 3; inglese
510; 3; inglese
511; 3; inglese
512; 3; inglese
513; 3; inglese
514; 3; inglese
515; 3; inglese
516; 3; inglese
517; 3; inglese
518; 3; inglese
519; 3; inglese
520; 3; inglese
521; 3; inglese
522; 3; inglese
523; 3; inglese
524; 3; inglese
525; 3; inglese
526; 3; inglese
527; 3; inglese
528; 3; inglese
529; 3; inglese
530; 3; inglese
531; 3; inglese
532; 3; inglese
533; 3; inglese
534; 3; inglese
535; 3; inglese
536; 3; inglese
537; 3; inglese
538; 3; inglese
539; 3; inglese
540; 3; inglese
541; 3; inglese
542; 3; inglese
543; 3; inglese
544; 3; inglese
545; 3; inglese
546; 3; inglese
547; 3; inglese
548; 3; inglese
549; 3; inglese
550; 3; inglese
551; 3; inglese
552; 3; inglese
553; 3; inglese
554; 3; inglese
555; 3; inglese
556; 3; inglese
557; 3; inglese
558; 3; inglese
559; 3; inglese
560; 3; inglese
561; 3; inglese
562; 3; inglese
563; 3; inglese
564; 3; inglese
565; 3; inglese
566; 3; inglese
567; 3; inglese
568; 3; inglese
569; 3; inglese
570; 3; inglese
571; 3; inglese
572; 3; inglese
573; 3; inglese
574; 3; inglese
575; 3; inglese
576; 3; inglese
577; 3; inglese
578; 3; inglese
579; 3; inglese
580; 3; inglese
581; 3; inglese
582; 3; inglese
583; 3; inglese
584; 3; inglese
585; 3; inglese
586; 3; inglese
587; 3; inglese
588; 3; inglese
589; 3; inglese
590; 3; inglese
591; 3; inglese
592; 3; inglese
593; 3; inglese
594; 3; inglese
595; 3; inglese
596; 3; inglese
597; 3; inglese
598; 3; inglese
599; 3; inglese
600; 3; inglese
601; 3; inglese
602; 3; inglese
603; 3; inglese
604; 3; inglese
605; 3; inglese
606; 3; inglese
607; 3; inglese
608; 3; inglese
609; 3; inglese
610; 3; inglese
611; 3; inglese
612; 3; inglese
613; 3; inglese
614; 3; inglese
615; 3; inglese
616; 3; inglese
617; 3; inglese
618; 3; inglese
619; 3; inglese
620; 3; inglese
621; 3; inglese
622; 3; inglese
623; 3; inglese
624; 3; inglese
625; 3; inglese
626; 3; inglese
627; 3; inglese
628; 3; inglese
629; 3; inglese
630; 3; inglese
631; 3; inglese
632; 3; inglese
633; 3; inglese
634; 3; inglese
635; 3; inglese
636; 3; inglese
637; 3; inglese
638; 3; inglese
639; 3; inglese
640; 3; inglese
641; 3; inglese
642; 3; inglese
643; 3; inglese
644; 3; inglese
645; 3; inglese
646; 3; inglese
647; 3; inglese
648; 3; inglese
649; 3; inglese
650; 3; inglese
651; 3; inglese
652; 3; inglese
653; 3; inglese
654; 3; inglese
655; 3; inglese
656; 3; inglese
657; 3; inglese
658; 3; inglese
659; 3; inglese
660; 3; inglese
661; 3; inglese
662; 3; inglese
663; 3; inglese
664; 3; inglese
665; 3; inglese
666; 3; inglese
667; 3; inglese
668; 3; inglese
669; 3; inglese
670; 3; inglese
671; 3; inglese
672; 3; inglese
673; 3; inglese
674; 3; inglese
675; 3; inglese
676; 3; inglese
677; 3; inglese
678; 3; inglese
679; 3; inglese
680; 3; inglese
681; 3; inglese
682; 3; inglese
683; 3; inglese
684; 3; inglese
685; 3; inglese
686; 3; inglese
687; 3; inglese
688; 3; inglese
689; 3; inglese
690; 3; inglese
691; 3; inglese
692; 3; inglese
693; 3; inglese
694; 3; inglese
695; 3; inglese
696; 3; inglese
697; 3; inglese
698; 3; inglese
699; 3; inglese
700; 3; inglese
701; 3; inglese
702; 3; inglese
703; 3; inglese
704; 3; inglese
705; 3; inglese
706; 3; inglese
707; 3; inglese
708; 3; inglese
709; 3; inglese
710; 3; inglese
711; 3; inglese
712; 3; inglese
713; 3; inglese
714; 3; inglese
715; 3; inglese
716; 3; inglese
717; 3; inglese
718; 3; inglese
719; 3; inglese
720; 3; inglese
721; 3; inglese
722; 3; inglese
723; 3; inglese
724; 3; inglese
725; 3; inglese
726; 3; inglese
727; 3; inglese
728; 3; inglese
729; 3; inglese
730; 3; inglese
731; 3; inglese
732; 3; inglese
733; 3; inglese
734; 3; inglese
735; 3; inglese
736; 3; inglese
737; 3; inglese
738; 3; inglese
739; 3; inglese
740; 3; inglese
741; 3; inglese
742; 3; inglese
743; 3; inglese
744; 3; inglese
745; 3; inglese
746; 3; inglese
747; 3; inglese
748; 3; inglese
749; 3; inglese
750; 3; inglese
751; 3; inglese
752; 3; inglese
753; 3; inglese
754; 3; inglese
755; 3; inglese
756; 3; inglese
757; 3; inglese
758; 3; inglese
759; 3; inglese
760; 3; inglese
761; 3; inglese
762; 3; inglese
763; 3; inglese
764; 3; inglese
765; 3; inglese
766; 3; inglese
767; 3; inglese
768; 3; inglese
769; 3; inglese
770; 3; inglese
771; 3; inglese
772; 3; inglese
773; 3; inglese
774; 3; inglese
775; 3; inglese
776; 3; inglese
777; 3; inglese
778; 3; inglese
779; 3; inglese
780; 3; inglese
781; 3; inglese
782; 3; inglese
783; 3; inglese
784; 3; inglese
785; 3; inglese
786; 3; inglese
787; 3; inglese
788; 3; inglese
789; 3; inglese
790; 3; inglese
791; 3; inglese
792; 3; inglese
793; 3; inglese
794; 3; inglese
795; 3; inglese
796; 3; inglese
797; 3; inglese
798; 3; inglese
799; 3; inglese
800; 3; inglese
801; 3; inglese
802; 3; inglese
803; 3; inglese
804; 3; inglese
805; 3; inglese
806; 3; inglese
807; 3; inglese
808; 3; inglese
809; 3; inglese
810; 3; inglese
811; 3; inglese
812; 3; inglese
813; 3; inglese
814; 3; inglese
815; 3; inglese
816; 3; inglese
817; 3; inglese
818; 3; inglese
819; 3; inglese
820; 3; inglese
821; 3; inglese
822; 3; inglese
823; 3; inglese
824; 3; inglese
825; 3; inglese
826; 3; inglese
827; 3; inglese
828; 3; inglese
829; 3; inglese
830; 3; inglese
831; 3; inglese
832; 3; inglese
833; 3; inglese
834; 3; inglese
835; 3; inglese
836; 3; inglese
837; 3; inglese
838; 3; inglese
839; 3; inglese
840; 3; inglese
841; 3; inglese
842; 3; inglese
843; 3; inglese
844; 3; inglese
845; 3; inglese
846; 3; inglese
847; 3; inglese
848; 3; inglese
849; 3; inglese
850; 3; inglese
851; 3; inglese
852; 3; inglese
853; 3; inglese
854; 3; inglese
855; 3; inglese
856; 3; inglese
857; 3; inglese
858; 3; inglese
859; 3; inglese
860; 3; inglese
861; 3; inglese
862; 3; inglese
863; 3; inglese
864; 3; inglese
865; 3; inglese
866; 3; inglese
867; 3; inglese
868; 3; inglese
869; 3; inglese
870; 3; inglese
871; 3; inglese
872; 3; inglese
873; 3; inglese
874; 3; inglese
875; 3; inglese
876; 3; inglese
877; 3; inglese
878; 3; inglese
879; 3; inglese
880; 3; inglese
881; 3; inglese
882; 3; inglese
883; 3; inglese
884; 3; inglese
885; 3; inglese
886; 3; inglese
887; 3; inglese
888; 3; inglese
889; 3; inglese
890; 3; inglese
891; 3; inglese
892; 3; inglese
893; 3; inglese
894; 3; inglese
895; 3; inglese
896; 3; inglese
897; 3; inglese
898; 3; inglese
899; 3; inglese
900; 3; inglese
901; 3; inglese
902; 3; inglese
903; 3; inglese
904; 3; inglese
905; 3; inglese
906; 3; inglese
907; 3; inglese
908; 3; inglese
909; 3; inglese
910; 3; inglese
911; 3; inglese
912; 3; inglese
913; 3; inglese
914; 3; inglese
915; 3; inglese
916; 3; inglese
917; 3; inglese
918; 3; inglese
919; 3; inglese
920; 3; inglese
921; 3; inglese
922; 3; inglese
923; 3; inglese
924; 3; inglese
925; 3; inglese
926; 3; inglese
927; 3; inglese
928; 3; inglese
929; 3; inglese
930; 3; inglese
931; 3; inglese
932; 3; inglese
933; 3; inglese
934; 3; inglese
935; 3; inglese
936; 3; inglese
937; 3; inglese
938; 3; inglese
939; 3; inglese
940; 3; inglese
941; 3; inglese
942; 3; inglese
943; 3; inglese
944; 3; inglese
945; 3; inglese
946; 3; inglese
947; 3; inglese
948; 3; inglese
949; 3; inglese
950; 3; inglese
951; 3; inglese
952; 3; inglese
953; 3; inglese
954; 3; inglese
955; 3; inglese
956; 3; inglese
957; 3; inglese
958; 3; inglese
959; 3; inglese
960; 3; inglese
961; 3; inglese
962; 3; inglese
963; 3; inglese
964; 3; inglese
965; 3; inglese
966; 3; inglese
967; 3; inglese
968; 3; inglese
969; 3; inglese
970; 3; inglese
971; 3; inglese
972; 3; inglese
973; 3; inglese
974; 3; inglese
975; 3; inglese
976; 3; inglese
977; 3; inglese
978; 3; inglese
979; 3; inglese
980; 3; inglese
981; 3; inglese
982; 3; inglese
983; 3; inglese
984; 3; inglese
985; 3; inglese
986; 3; inglese
987; 3; inglese
988; 3; inglese
989; 3; inglese
990; 3; inglese
991; 3; inglese
992; 3; inglese
993; 3; inglese
994; 3; inglese
995; 3; inglese
996; 3; inglese
997; 3; inglese
998; 3; inglese
999; 3; inglese
1000; 3; inglese
